-- --------------------------------------------------------
-- Host:                         localhost
-- Server version:               5.7.24 - MySQL Community Server (GPL)
-- Server OS:                    Win64
-- HeidiSQL Version:             12.6.0.6765
-- --------------------------------------------------------

/*!40101 SET @OLD_CHARACTER_SET_CLIENT=@@CHARACTER_SET_CLIENT */;
/*!40101 SET NAMES utf8 */;
/*!50503 SET NAMES utf8mb4 */;
/*!40103 SET @OLD_TIME_ZONE=@@TIME_ZONE */;
/*!40103 SET TIME_ZONE='+00:00' */;
/*!40014 SET @OLD_FOREIGN_KEY_CHECKS=@@FOREIGN_KEY_CHECKS, FOREIGN_KEY_CHECKS=0 */;
/*!40101 SET @OLD_SQL_MODE=@@SQL_MODE, SQL_MODE='NO_AUTO_VALUE_ON_ZERO' */;
/*!40111 SET @OLD_SQL_NOTES=@@SQL_NOTES, SQL_NOTES=0 */;

-- Dumping structure for table 1_spin.log_operations
CREATE TABLE IF NOT EXISTS `log_operations` (
  `id` bigint(20) unsigned NOT NULL DEFAULT '0',
  `log_id` bigint(20) unsigned NOT NULL DEFAULT '0' COMMENT 'id iz ove tablice na koji je vezan response',
  `operation_id` int(11) NOT NULL DEFAULT '0',
  `user_type` int(11) unsigned NOT NULL DEFAULT '0' COMMENT 'iz tablice user_types',
  `user_id` bigint(20) unsigned NOT NULL DEFAULT '0',
  `ip_address` varbinary(16) NOT NULL DEFAULT '',
  `note` varchar(128) COLLATE utf8mb4_unicode_ci NOT NULL DEFAULT '',
  `log_operation` varchar(128) COLLATE utf8mb4_unicode_ci NOT NULL DEFAULT '' COMMENT 'request/response',
  `device_data` varchar(128) COLLATE utf8mb4_unicode_ci NOT NULL DEFAULT '',
  `created_at` datetime DEFAULT NULL,
  PRIMARY KEY (`id`) USING BTREE,
  KEY `FK_log_operations_users_types` (`user_type`),
  KEY `FK_log_operations_log_operations_types` (`operation_id`),
  KEY `FK_log_operations_log_operations` (`log_id`),
  CONSTRAINT `FK_log_operations_log_operations` FOREIGN KEY (`log_id`) REFERENCES `log_operations` (`id`) ON DELETE NO ACTION ON UPDATE NO ACTION,
  CONSTRAINT `FK_log_operations_log_operations_types` FOREIGN KEY (`operation_id`) REFERENCES `log_operations_types` (`id`) ON DELETE NO ACTION ON UPDATE NO ACTION,
  CONSTRAINT `FK_log_operations_users_types` FOREIGN KEY (`user_type`) REFERENCES `users_types` (`id`) ON DELETE NO ACTION ON UPDATE NO ACTION
) ENGINE=InnoDB DEFAULT CHARSET=utf8mb4 COLLATE=utf8mb4_unicode_ci;

-- Dumping data for table 1_spin.log_operations: ~0 rows (approximately)
DELETE FROM `log_operations`;

-- Dumping structure for table 1_spin.log_operations_types
CREATE TABLE IF NOT EXISTS `log_operations_types` (
  `id` int(11) NOT NULL AUTO_INCREMENT,
  `operation_name` varchar(50) COLLATE utf8mb4_unicode_ci NOT NULL DEFAULT '',
  `operation_description` varchar(50) COLLATE utf8mb4_unicode_ci NOT NULL DEFAULT '',
  KEY `id` (`id`)
) ENGINE=InnoDB AUTO_INCREMENT=7 DEFAULT CHARSET=utf8mb4 COLLATE=utf8mb4_unicode_ci;

-- Dumping data for table 1_spin.log_operations_types: ~6 rows (approximately)
DELETE FROM `log_operations_types`;
INSERT INTO `log_operations_types` (`id`, `operation_name`, `operation_description`) VALUES
	(1, 'Logiranje korisnika', ''),
	(2, 'Registracija korisnika', ''),
	(3, 'Aktivacija korisnika', ''),
	(4, 'Brisanje korisnika', ''),
	(5, 'Deaktivacija korisnika', ''),
	(6, 'Password resset', '');

-- Dumping structure for table 1_spin.settings
CREATE TABLE IF NOT EXISTS `settings` (
  `id` bigint(20) unsigned NOT NULL AUTO_INCREMENT,
  `matica_id` bigint(20) unsigned NOT NULL DEFAULT '0',
  `partner_id` bigint(20) unsigned NOT NULL DEFAULT '0',
  `user_id` bigint(20) unsigned NOT NULL DEFAULT '0',
  `var_type` varchar(30) COLLATE utf8mb4_unicode_ci NOT NULL DEFAULT '',
  `var_name` varchar(100) COLLATE utf8mb4_unicode_ci NOT NULL DEFAULT '',
  `var_value` varchar(255) COLLATE utf8mb4_unicode_ci NOT NULL DEFAULT '',
  PRIMARY KEY (`id`) USING BTREE
) ENGINE=InnoDB DEFAULT CHARSET=utf8mb4 COLLATE=utf8mb4_unicode_ci;

-- Dumping data for table 1_spin.settings: ~0 rows (approximately)
DELETE FROM `settings`;

-- Dumping structure for table 1_spin.settings_countries
CREATE TABLE IF NOT EXISTS `settings_countries` (
  `id` int(10) unsigned NOT NULL AUTO_INCREMENT,
  `country_name` varchar(255) COLLATE utf8mb4_unicode_ci NOT NULL,
  `country_iso3` char(3) COLLATE utf8mb4_unicode_ci NOT NULL,
  `country_code` char(2) COLLATE utf8mb4_unicode_ci NOT NULL,
  `continent` smallint(5) unsigned NOT NULL DEFAULT '1',
  `lang_code` varchar(8) COLLATE utf8mb4_unicode_ci NOT NULL,
  `priority` smallint(5) unsigned NOT NULL DEFAULT '1000',
  `dial_code` varchar(8) COLLATE utf8mb4_unicode_ci NOT NULL DEFAULT '',
  `is_active` tinyint(1) unsigned NOT NULL DEFAULT '1',
  `is_default` tinyint(1) unsigned NOT NULL DEFAULT '0',
  PRIMARY KEY (`id`) USING BTREE,
  KEY `FK_countries_continents` (`continent`) USING BTREE,
  CONSTRAINT `settings_countries_ibfk_1` FOREIGN KEY (`continent`) REFERENCES `settings_countries_continents` (`id`)
) ENGINE=InnoDB AUTO_INCREMENT=250 DEFAULT CHARSET=utf8mb4 COLLATE=utf8mb4_unicode_ci ROW_FORMAT=DYNAMIC;

-- Dumping data for table 1_spin.settings_countries: ~249 rows (approximately)
DELETE FROM `settings_countries`;
INSERT INTO `settings_countries` (`id`, `country_name`, `country_iso3`, `country_code`, `continent`, `lang_code`, `priority`, `dial_code`, `is_active`, `is_default`) VALUES
	(1, 'Afganistan', 'afg', 'af', 1, 'fa', 1000, '93', 1, 0),
	(2, 'Albania', 'alb', 'al', 1, 'sq', 1000, '355', 1, 0),
	(3, 'Antarktika', 'ata', 'aq', 7, 'en', 1000, '', 1, 0),
	(4, 'Alžir', 'dza', 'dz', 5, 'ar', 1000, '213', 1, 0),
	(5, 'American Samoa', 'asm', 'as', 6, 'en', 1000, '1684', 1, 0),
	(6, 'Andora', 'and', 'ad', 1, 'ca', 1000, '376', 1, 0),
	(7, 'Angola', 'ago', 'ao', 5, 'pt', 1000, '244', 1, 0),
	(8, 'Antigva i Barbuda', 'atg', 'ag', 3, 'en', 1000, '1268', 1, 0),
	(9, 'Azerbejdžan', 'aze', 'az', 2, 'az', 1000, '994', 1, 0),
	(10, 'Argentina', 'arg', 'ar', 4, 'es', 1000, '54', 1, 0),
	(11, 'Australija', 'aus', 'au', 6, 'en', 1000, '61', 1, 0),
	(12, 'Austrija', 'aut', 'at', 1, 'de', 1000, '43', 1, 0),
	(13, 'Bahami', 'bhs', 'bs', 3, 'en', 1000, '1242', 1, 0),
	(14, 'Bahrein', 'bhr', 'bh', 2, 'ar', 1000, '973', 1, 0),
	(15, 'Bangladeš', 'bgd', 'bd', 2, 'bn', 1000, '880', 1, 0),
	(16, 'Armenija', 'arm', 'am', 2, 'hy', 1000, '374', 1, 0),
	(17, 'Barbados', 'brb', 'bb', 3, 'en', 1000, '1246', 1, 0),
	(18, 'Belgija', 'bel', 'be', 1, 'nl', 1000, '32', 1, 0),
	(19, 'Bermuda', 'bmu', 'bm', 3, 'en', 1000, '1441', 1, 0),
	(20, 'Butan', 'btn', 'bt', 2, 'dz', 1000, '975', 1, 0),
	(21, 'Bolivija', 'bol', 'bo', 4, 'es', 1000, '591', 1, 0),
	(22, 'Bosna i Hercegovina', 'bih', 'ba', 1, 'bs', 1000, '387', 1, 0),
	(23, 'Bocvana', 'bwa', 'bw', 5, 'en', 1000, '267', 1, 0),
	(24, 'Bouvet Otok', 'bvt', 'bv', 7, 'no', 1000, '', 1, 0),
	(25, 'Brazil', 'bra', 'br', 4, 'pt', 1000, '55', 1, 0),
	(26, 'Belize', 'blz', 'bz', 3, 'en', 1000, '501', 1, 0),
	(27, 'Britanski Indijskooceanski Teritorij', 'iot', 'io', 2, 'en', 1000, '', 1, 0),
	(28, 'Salomonovi Otoci', 'slb', 'sb', 6, 'en', 1000, '677', 1, 0),
	(29, 'Djevičanski Otoci,Britanski', 'vgb', 'vg', 3, 'en', 1000, '1284', 1, 0),
	(30, 'Brunej Darusalam', 'brn', 'bn', 2, 'ms', 1000, '673', 1, 0),
	(31, 'Bugarska', 'bgr', 'bg', 1, 'bg', 1000, '359', 1, 0),
	(32, 'Mijanmar', 'mmr', 'mm', 2, 'my', 1000, '95', 1, 0),
	(33, 'Burundi', 'bdi', 'bi', 5, 'fr', 1000, '257', 1, 0),
	(34, 'Bjelorusija', 'blr', 'by', 1, 'be', 1000, '375', 1, 0),
	(35, 'Kambodža', 'khm', 'kh', 2, 'km', 1000, '855', 1, 0),
	(36, 'Kamerun', 'cmr', 'cm', 5, 'fr', 1000, '237', 1, 0),
	(37, 'Kanada', 'can', 'ca', 3, 'en', 1000, '1', 1, 0),
	(38, 'Zelenortska Republika', 'cpv', 'cv', 5, 'pt', 1000, '238', 1, 0),
	(39, 'Kajmanski Otoci', 'cym', 'ky', 3, 'en', 1000, '1345', 1, 0),
	(40, 'Srednjoafrička Republika', 'caf', 'cf', 5, 'fr', 1000, '236', 1, 0),
	(41, 'Šri Lanka', 'lka', 'lk', 2, 'si', 1000, '94', 1, 0),
	(42, 'Čad', 'tcd', 'td', 5, 'fr', 1000, '235', 1, 0),
	(43, 'Čile', 'chl', 'cl', 4, 'es', 1000, '56', 1, 0),
	(44, 'Kina', 'chn', 'cn', 2, 'zh', 1000, '86', 1, 0),
	(45, 'Tajvan', 'twn', 'tw', 2, 'zh', 1000, '886', 1, 0),
	(46, 'Božićni Otok', 'cxr', 'cx', 2, 'en', 1000, '', 1, 0),
	(47, 'Kokosovi Otoci', 'cck', 'cc', 2, 'en', 1000, '', 1, 0),
	(48, 'Kolumbija', 'col', 'co', 4, 'es', 1000, '57', 1, 0),
	(49, 'Komori', 'com', 'km', 5, 'ar', 1000, '269', 1, 0),
	(50, 'Mayotte', 'myt', 'yt', 5, 'fr', 1000, '', 1, 0),
	(51, 'Kongo', 'cog', 'cg', 5, 'fr', 1000, '242', 1, 0),
	(52, 'Kongo, Demokratska Republika', 'cod', 'cd', 5, 'fr', 1000, '242', 1, 0),
	(53, 'Kukovi Otoci', 'cok', 'ck', 6, 'en', 1000, '682', 1, 0),
	(54, 'Kostarika', 'cri', 'cr', 3, 'es', 1000, '506', 1, 0),
	(55, 'Hrvatska', 'hrv', 'hr', 1, 'hr', 1000, '385', 1, 1),
	(56, 'Kuba', 'cub', 'cu', 3, 'es', 1000, '53', 1, 0),
	(57, 'Cipar', 'cyp', 'cy', 2, 'el', 1000, '357', 1, 0),
	(58, 'Češka', 'cze', 'cz', 1, 'cs', 1000, '420', 1, 0),
	(59, 'Benin', 'ben', 'bj', 5, 'fr', 1000, '229', 1, 0),
	(60, 'Danska', 'dnk', 'dk', 1, 'da', 1000, '45', 1, 0),
	(61, 'Dominika', 'dma', 'dm', 3, 'en', 1000, '1767', 1, 0),
	(62, 'Dominikanska Republika', 'dom', 'do', 3, 'es', 1000, '1809', 1, 0),
	(63, 'Ekvador', 'ecu', 'ec', 4, 'es', 1000, '593', 1, 0),
	(64, 'Salvador', 'slv', 'sv', 3, 'es', 1000, '503', 1, 0),
	(65, 'Ekvatorska Gvineja', 'gnq', 'gq', 5, 'es', 1000, '240', 1, 0),
	(66, 'Etiopija', 'eth', 'et', 5, 'am', 1000, '251', 1, 0),
	(67, 'Eritreja', 'eri', 'er', 5, 'ti', 1000, '291', 1, 0),
	(68, 'Estonija', 'est', 'ee', 1, 'et', 1000, '372', 1, 0),
	(69, 'Ferojski Otoci', 'fro', 'fo', 1, 'fo', 1000, '298', 1, 0),
	(70, 'Falklandi (Malvini)', 'flk', 'fk', 4, 'en', 1000, '500', 1, 0),
	(71, 'Južna Džordžija i Otoci Južni Sendvić', 'sgs', 'gs', 7, 'en', 1000, '', 1, 0),
	(72, 'Fidži', 'fji', 'fj', 6, 'en', 1000, '679', 1, 0),
	(73, 'Finska', 'fin', 'fi', 1, 'fi', 1000, '358', 1, 0),
	(74, 'Otoci Aland', 'ala', 'ax', 1, 'sv', 1000, '', 1, 0),
	(75, 'Francuska', 'fra', 'fr', 1, 'fr', 1000, '33', 1, 0),
	(76, 'Francuska Gvajana', 'guf', 'gf', 4, 'fr', 1000, '594', 1, 0),
	(77, 'Francuska Polinezija', 'pyf', 'pf', 6, 'fr', 1000, '689', 1, 0),
	(78, 'Francuski Južni Teritorij', 'atf', 'tf', 7, 'fr', 1000, '', 1, 0),
	(79, 'Džibuti', 'dji', 'dj', 5, 'fr', 1000, '253', 1, 0),
	(80, 'Gabon', 'gab', 'ga', 5, 'fr', 1000, '241', 1, 0),
	(81, 'Gruzija', 'geo', 'ge', 2, 'ka', 1000, '995', 1, 0),
	(82, 'Gambija', 'gmb', 'gm', 5, 'en', 1000, '220', 1, 0),
	(83, 'Palestinsko Područje (okupirano)', 'pse', 'ps', 2, 'ar', 1000, '', 1, 0),
	(84, 'Njemačka', 'deu', 'de', 1, 'de', 1000, '49', 1, 0),
	(85, 'Gana', 'gha', 'gh', 5, 'en', 1000, '233', 1, 0),
	(86, 'Gibraltar', 'gib', 'gi', 1, 'en', 1000, '350', 1, 0),
	(87, 'Kiribati', 'kir', 'ki', 6, 'en', 1000, '686', 1, 0),
	(88, 'Grčka', 'grc', 'gr', 1, 'el', 1000, '30', 1, 0),
	(89, 'Grenland', 'grl', 'gl', 3, 'kl', 1000, '299', 1, 0),
	(90, 'Grenada', 'grd', 'gd', 3, 'en', 1000, '1473', 1, 0),
	(91, 'Guadeloupe', 'glp', 'gp', 3, 'fr', 1000, '590', 1, 0),
	(92, 'Guam', 'gum', 'gu', 6, 'en', 1000, '1671', 1, 0),
	(93, 'Guatemala', 'gtm', 'gt', 3, 'es', 1000, '502', 1, 0),
	(94, 'Gvineja', 'gin', 'gn', 5, 'fr', 1000, '224', 1, 0),
	(95, 'Gvajana', 'guy', 'gy', 4, 'en', 1000, '592', 1, 0),
	(96, 'Haiti', 'hti', 'ht', 3, 'fr', 1000, '509', 1, 0),
	(97, 'Otok Herd i Otoci McDonald', 'hmd', 'hm', 6, 'en', 1000, '', 1, 0),
	(98, 'Vatikan', 'vat', 'va', 1, 'it', 1000, '39', 1, 0),
	(99, 'Honduras', 'hnd', 'hn', 3, 'es', 1000, '504', 1, 0),
	(100, 'Hong Kong', 'hkg', 'hk', 2, 'zh', 1000, '852', 1, 0),
	(101, 'Mađarska', 'hun', 'hu', 1, 'hu', 1000, '36', 1, 0),
	(102, 'Island', 'isl', 'is', 1, 'is', 1000, '354', 1, 0),
	(103, 'Indija', 'ind', 'in', 2, 'hi', 1000, '91', 1, 0),
	(104, 'Indonezija', 'idn', 'id', 2, 'id', 1000, '62', 1, 0),
	(105, 'Iran, Islamska Republika', 'irn', 'ir', 2, 'fa', 1000, '98', 1, 0),
	(106, 'Irak', 'irq', 'iq', 2, 'ar', 1000, '964', 1, 0),
	(107, 'Irska', 'irl', 'ie', 1, 'en', 1000, '353', 1, 0),
	(108, 'Izrael', 'isr', 'il', 2, 'he', 1000, '972', 1, 0),
	(109, 'Italija', 'ita', 'it', 1, 'it', 1000, '39', 1, 0),
	(110, 'Obala Bjelokosti', 'civ', 'ci', 5, 'fr', 1000, '225', 1, 0),
	(111, 'Jamajka', 'jam', 'jm', 3, 'en', 1000, '1876', 1, 0),
	(112, 'Japan', 'jpn', 'jp', 2, 'ja', 1000, '81', 1, 0),
	(113, 'Kazahstan', 'kaz', 'kz', 2, 'kk', 1000, '7', 1, 0),
	(114, 'Jordan', 'jor', 'jo', 2, 'ar', 1000, '962', 1, 0),
	(115, 'Kenija', 'ken', 'ke', 5, 'sw', 1000, '254', 1, 0),
	(116, 'Sjeverna Koreja', 'prk', 'kp', 2, 'ko', 1000, '850', 1, 0),
	(117, 'Južna Koreja', 'kor', 'kr', 2, 'ko', 1000, '82', 1, 0),
	(118, 'Kuvajt', 'kwt', 'kw', 2, 'ar', 1000, '965', 1, 0),
	(119, 'Kirgistan', 'kgz', 'kg', 2, 'ky', 1000, '996', 1, 0),
	(120, 'Laos, Narodna Demokratska Republika', 'lao', 'la', 2, 'lo', 1000, '856', 1, 0),
	(121, 'Libanon', 'lbn', 'lb', 2, 'ar', 1000, '961', 1, 0),
	(122, 'Lesoto', 'lso', 'ls', 5, 'en', 1000, '266', 1, 0),
	(123, 'Letonija', 'lva', 'lv', 1, 'lv', 1000, '371', 1, 0),
	(124, 'Liberija', 'lbr', 'lr', 5, 'en', 1000, '231', 1, 0),
	(125, 'Libija', 'lby', 'ly', 2, 'ar', 1000, '218', 1, 0),
	(126, 'Lihtenštajn', 'lie', 'li', 1, 'de', 1000, '423', 1, 0),
	(127, 'Litva', 'ltu', 'lt', 1, 'lt', 1000, '370', 1, 0),
	(128, 'Luksemburg', 'lux', 'lu', 1, 'lb', 1000, '352', 1, 0),
	(129, 'Makao', 'mac', 'mo', 2, 'zh', 1000, '853', 1, 0),
	(130, 'Madagaskar', 'mdg', 'mg', 5, 'mg', 1000, '261', 1, 0),
	(131, 'Malavi', 'mwi', 'mw', 5, 'en', 1000, '265', 1, 0),
	(132, 'Malezija', 'mys', 'my', 2, 'ms', 1000, '60', 1, 0),
	(133, 'Maldivi', 'mdv', 'mv', 2, 'dv', 1000, '960', 1, 0),
	(134, 'Mali', 'mli', 'ml', 5, 'fr', 1000, '223', 1, 0),
	(135, 'Malta', 'mlt', 'mt', 1, 'mt', 1000, '356', 1, 0),
	(136, 'Martinique', 'mtq', 'mq', 3, 'fr', 1000, '596', 1, 0),
	(137, 'Mauritanija', 'mrt', 'mr', 5, 'ar', 1000, '222', 1, 0),
	(138, 'Mauricijus', 'mus', 'mu', 5, 'en', 1000, '230', 1, 0),
	(139, 'Meksiko', 'mex', 'mx', 3, 'es', 1000, '52', 1, 0),
	(140, 'Monako', 'mco', 'mc', 1, 'fr', 1000, '377', 1, 0),
	(141, 'Mongolija', 'mng', 'mn', 2, 'mn', 1000, '976', 1, 0),
	(142, 'Moldavija', 'mda', 'md', 1, 'ro', 1000, '373', 1, 0),
	(143, 'Crna Gora', 'mne', 'me', 1, 'sr', 1000, '382', 1, 0),
	(144, 'Montserrat', 'msr', 'ms', 3, 'en', 1000, '1664', 1, 0),
	(145, 'Maroko', 'mar', 'ma', 5, 'fr', 1000, '212', 1, 0),
	(146, 'Mozambik', 'moz', 'mz', 5, 'pt', 1000, '258', 1, 0),
	(147, 'Oman', 'omn', 'om', 2, 'ar', 1000, '968', 1, 0),
	(148, 'Namibija', 'nam', 'na', 5, 'en', 1000, '264', 1, 0),
	(149, 'Nauru', 'nru', 'nr', 6, 'na', 1000, '674', 1, 0),
	(150, 'Nepal', 'npl', 'np', 2, 'ne', 1000, '977', 1, 0),
	(151, 'Nizozemska', 'nld', 'nl', 1, 'nl', 1000, '31', 1, 0),
	(152, 'Nizozemski Antili', 'ant', 'an', 4, 'nl', 1000, '599', 1, 0),
	(153, 'Aruba', 'abw', 'aw', 3, 'nl', 1000, '297', 1, 0),
	(154, 'Nova Kaledonija', 'ncl', 'nc', 6, 'fr', 1000, '687', 1, 0),
	(155, 'Vanuatu', 'vut', 'vu', 6, 'bi', 1000, '678', 1, 0),
	(156, 'Novi Zeland', 'nzl', 'nz', 6, 'mi', 1000, '64', 1, 0),
	(157, 'Nikaragva', 'nic', 'ni', 3, 'es', 1000, '505', 1, 0),
	(158, 'Niger', 'ner', 'ne', 5, 'fr', 1000, '227', 1, 0),
	(159, 'Nigerija', 'nga', 'ng', 5, 'en', 1000, '234', 1, 0),
	(160, 'Niue', 'niu', 'nu', 6, 'en', 1000, '683', 1, 0),
	(161, 'Otok Norfolk', 'nfk', 'nf', 6, 'en', 1000, '672', 1, 0),
	(162, 'Norveška', 'nor', 'no', 1, 'nb', 1000, '47', 1, 0),
	(163, 'Sjeverni Marijanski Otoci', 'mnp', 'mp', 6, 'en', 1000, '1670', 1, 0),
	(164, 'Ujedinjene Države Manjih Pacifičkih Otoka', 'umi', 'um', 6, 'en', 1000, '', 1, 0),
	(165, 'Mikronezija, Savezne Države', 'fsm', 'fm', 6, 'en', 1000, '691', 1, 0),
	(166, 'Maršalovi Otoci', 'mhl', 'mh', 6, 'en', 1000, '692', 1, 0),
	(167, 'Palau', 'plw', 'pw', 6, 'en', 1000, '680', 1, 0),
	(168, 'Pakistan', 'pak', 'pk', 2, 'en', 1000, '92', 1, 0),
	(169, 'Panama', 'pan', 'pa', 3, 'es', 1000, '507', 1, 0),
	(170, 'Papua Nova Gvineja', 'png', 'pg', 6, 'en', 1000, '675', 1, 0),
	(171, 'Paragvaj', 'pry', 'py', 4, 'es', 1000, '595', 1, 0),
	(172, 'Peru', 'per', 'pe', 4, 'es', 1000, '51', 1, 0),
	(173, 'Filipini', 'phl', 'ph', 2, 'en', 1000, '63', 1, 0),
	(174, 'Pitcairn', 'pcn', 'pn', 6, 'en', 1000, '0', 1, 0),
	(175, 'Poljska', 'pol', 'pl', 1, 'pl', 1000, '48', 1, 0),
	(176, 'Portugal', 'prt', 'pt', 1, 'pt', 1000, '351', 1, 0),
	(177, 'Gvineja Bisau', 'gnb', 'gw', 5, 'pt', 1000, '245', 1, 0),
	(178, 'Timor Leste', 'tls', 'tl', 2, 'pt', 1000, '', 1, 0),
	(179, 'Portoriko', 'pri', 'pr', 3, 'es', 1000, '1787', 1, 0),
	(180, 'Katar', 'qat', 'qa', 2, 'ar', 1000, '974', 1, 0),
	(181, 'Reunion', 'reu', 're', 5, 'fr', 1000, '262', 1, 0),
	(182, 'Rumunjska', 'rou', 'ro', 1, 'ro', 1000, '40', 1, 0),
	(183, 'Rusija', 'rus', 'ru', 1, 'ru', 1000, '70', 1, 0),
	(184, 'Ruanda', 'rwa', 'rw', 5, 'rw', 1000, '250', 1, 0),
	(185, 'Sveti Bartolomej', 'blm', 'bl', 3, 'fr', 1000, '', 1, 0),
	(186, 'Sveta Helena', 'shn', 'sh', 5, 'en', 1000, '290', 1, 0),
	(187, 'Sveti Kristofor i Nevis', 'kna', 'kn', 3, 'en', 1000, '1869', 1, 0),
	(188, 'Anguilla', 'aia', 'ai', 3, 'en', 1000, '1264', 1, 0),
	(189, 'Sveta Lucija', 'lca', 'lc', 3, 'en', 1000, '1758', 1, 0),
	(190, 'Sveti Martin', 'maf', 'mf', 3, 'fr', 1000, '', 1, 0),
	(191, 'Sveti Petar i Mikelon', 'spm', 'pm', 3, 'fr', 1000, '508', 1, 0),
	(192, 'Sveti Vincent i Grenadini', 'vct', 'vc', 3, 'en', 1000, '1784', 1, 0),
	(193, 'San Marino', 'smr', 'sm', 1, 'it', 1000, '378', 1, 0),
	(194, 'Sveti Toma i Prinsipe', 'stp', 'st', 5, 'pt', 1000, '239', 1, 0),
	(195, 'Saudijska Arabija', 'sau', 'sa', 2, 'ar', 1000, '966', 1, 0),
	(196, 'Senegal', 'sen', 'sn', 5, 'fr', 1000, '221', 1, 0),
	(197, 'Srbija', 'srb', 'rs', 1, 'sr', 1000, '381', 1, 0),
	(198, 'Sejšeli', 'syc', 'sc', 5, 'fr', 1000, '248', 1, 0),
	(199, 'Sijera Leone', 'sle', 'sl', 5, 'en', 1000, '232', 1, 0),
	(200, 'Singapur', 'sgp', 'sg', 2, 'zh', 1000, '65', 1, 0),
	(201, 'Slovačka', 'svk', 'sk', 1, 'sk', 1000, '421', 1, 0),
	(202, 'Vijetnam', 'vnm', 'vn', 2, 'vi', 1000, '84', 1, 0),
	(203, 'Slovenija', 'svn', 'si', 1, 'sl', 1000, '386', 1, 0),
	(204, 'Somalija', 'som', 'so', 5, 'so', 1000, '252', 1, 0),
	(205, 'Južnoafrička republika', 'zaf', 'za', 5, 'en', 1000, '27', 1, 0),
	(206, 'Zimbabve', 'zwe', 'zw', 5, 'en', 1000, '263', 1, 0),
	(207, 'Španjolska', 'esp', 'es', 1, 'es', 1000, '34', 1, 0),
	(208, 'Zapadna Sahara', 'esh', 'eh', 5, 'ar', 1000, '212', 1, 0),
	(209, 'Sudan', 'sdn', 'sd', 5, 'ar', 1000, '249', 1, 0),
	(210, 'Surinam', 'sur', 'sr', 4, 'nl', 1000, '597', 1, 0),
	(211, 'Svalbard i Jan Mayen', 'sjm', 'sj', 1, 'no', 1000, '47', 1, 0),
	(212, 'Svazi', 'swz', 'sz', 5, 'en', 1000, '268', 1, 0),
	(213, 'Švedska', 'swe', 'se', 1, 'sv', 1000, '46', 1, 0),
	(214, 'Švicarska', 'che', 'ch', 1, 'de', 1000, '41', 1, 0),
	(215, 'Sirija', 'syr', 'sy', 2, 'ar', 1000, '963', 1, 0),
	(216, 'Tađikistan', 'tjk', 'tj', 2, 'tg', 1000, '992', 1, 0),
	(217, 'Tajland', 'tha', 'th', 2, 'th', 1000, '66', 1, 0),
	(218, 'Togo', 'tgo', 'tg', 5, 'fr', 1000, '228', 1, 0),
	(219, 'Tokelau', 'tkl', 'tk', 6, 'en', 1000, '690', 1, 0),
	(220, 'Tonga', 'ton', 'to', 6, 'en', 1000, '676', 1, 0),
	(221, 'Trinidad i Tobago', 'tto', 'tt', 3, 'en', 1000, '1868', 1, 0),
	(222, 'Ujedinjeni Arapski Emirati', 'are', 'ae', 2, 'ar', 1000, '971', 1, 0),
	(223, 'Tunis', 'tun', 'tn', 5, 'ar', 1000, '216', 1, 0),
	(224, 'Turkey', 'tur', 'tr', 1, 'tr', 1000, '90', 1, 0),
	(225, 'Turkmenistan', 'tkm', 'tm', 2, 'tk', 1000, '7370', 1, 0),
	(226, 'Otoci Turks i Caicos', 'tca', 'tc', 3, 'en', 1000, '1649', 1, 0),
	(227, 'Tuvalu', 'tuv', 'tv', 6, 'en', 1000, '688', 1, 0),
	(228, 'Uganda', 'uga', 'ug', 5, 'en', 1000, '256', 1, 0),
	(229, 'Ukrajina', 'ukr', 'ua', 1, 'uk', 1000, '380', 1, 0),
	(230, 'Sjeverna Makedonija', 'mkd', 'mk', 1, 'mk', 1000, '389', 1, 0),
	(231, 'Egipat', 'egy', 'eg', 5, 'ar', 1000, '20', 1, 0),
	(232, 'Velika Britanija', 'gbr', 'gb', 1, 'en', 1000, '44', 1, 0),
	(233, 'Guernsey', 'ggy', 'gg', 1, 'en', 1000, '', 1, 0),
	(234, 'Jersey', 'jey', 'je', 1, 'en', 1000, '', 1, 0),
	(235, 'Otok Man', 'imn', 'im', 1, 'en', 1000, '', 1, 0),
	(236, 'Tanzanija', 'tza', 'tz', 5, 'sw', 1000, '255', 1, 0),
	(237, 'Sjedinjene Američke Države', 'usa', 'us', 3, 'en', 1000, '1', 1, 0),
	(238, 'Djevičanski Otoci, Američki', 'vir', 'vi', 3, 'en', 1000, '1340', 1, 0),
	(239, 'Burkina Faso', 'bfa', 'bf', 5, 'fr', 1000, '226', 1, 0),
	(240, 'Urugvaj', 'ury', 'uy', 4, 'es', 1000, '598', 1, 0),
	(241, 'Uzbekistan', 'uzb', 'uz', 2, 'uz', 1000, '998', 1, 0),
	(242, 'Venezuela', 'ven', 've', 4, 'es', 1000, '58', 1, 0),
	(243, 'Wallis i Futuna', 'wlf', 'wf', 6, 'fr', 1000, '681', 1, 0),
	(244, 'Samoa', 'wsm', 'ws', 6, 'sm', 1000, '684', 1, 0),
	(245, 'Jemen', 'yem', 'ye', 2, 'ar', 1000, '967', 1, 0),
	(246, 'Zambija', 'zmb', 'zm', 5, 'en', 1000, '260', 1, 0),
	(247, 'Kosovo', 'xxk', 'xk', 1, 'sq', 1000, '383', 1, 0),
	(248, 'France Metropolitan', 'fxx', 'fx', 1, 'fr', 1000, '', 1, 0),
	(249, 'Ostalo', 'xxx', 'xx', 1, 'en', 1000, '', 1, 0);

-- Dumping structure for table 1_spin.settings_countries_continents
CREATE TABLE IF NOT EXISTS `settings_countries_continents` (
  `id` smallint(5) unsigned NOT NULL AUTO_INCREMENT,
  `continent_name` varchar(128) NOT NULL DEFAULT '',
  PRIMARY KEY (`id`) USING BTREE
) ENGINE=InnoDB AUTO_INCREMENT=8 DEFAULT CHARSET=utf8 ROW_FORMAT=DYNAMIC;

-- Dumping data for table 1_spin.settings_countries_continents: ~7 rows (approximately)
DELETE FROM `settings_countries_continents`;
INSERT INTO `settings_countries_continents` (`id`, `continent_name`) VALUES
	(1, 'Europa'),
	(2, 'Azija'),
	(3, 'Sjeverna Amerika'),
	(4, 'Južna Amerika'),
	(5, 'Afrika'),
	(6, 'Australija'),
	(7, 'Antartika');

-- Dumping structure for table 1_spin.settings_countries_trans
CREATE TABLE IF NOT EXISTS `settings_countries_trans` (
  `id` int(10) unsigned NOT NULL AUTO_INCREMENT,
  `language_id` int(10) unsigned NOT NULL,
  `country_id` int(10) unsigned NOT NULL,
  `country_name` varchar(128) COLLATE utf8mb4_unicode_ci NOT NULL DEFAULT '',
  PRIMARY KEY (`id`) USING BTREE,
  KEY `FK_countries_trans` (`language_id`) USING BTREE,
  KEY `FK_countries_trans_countries` (`country_id`) USING BTREE,
  CONSTRAINT `settings_countries_trans_ibfk_1` FOREIGN KEY (`language_id`) REFERENCES `settings_languages` (`id`),
  CONSTRAINT `settings_countries_trans_ibfk_2` FOREIGN KEY (`country_id`) REFERENCES `settings_countries` (`id`)
) ENGINE=InnoDB AUTO_INCREMENT=499 DEFAULT CHARSET=utf8mb4 COLLATE=utf8mb4_unicode_ci ROW_FORMAT=DYNAMIC;

-- Dumping data for table 1_spin.settings_countries_trans: ~498 rows (approximately)
DELETE FROM `settings_countries_trans`;
INSERT INTO `settings_countries_trans` (`id`, `language_id`, `country_id`, `country_name`) VALUES
	(1, 1, 1, 'Afganistan'),
	(2, 2, 1, 'Afghanistan'),
	(3, 2, 74, 'Aland Islands'),
	(4, 2, 2, 'Albania'),
	(5, 1, 2, 'Albania'),
	(6, 2, 4, 'Algeria'),
	(7, 1, 4, 'Alžir'),
	(8, 2, 5, 'American Samoa'),
	(9, 1, 5, 'American Samoa'),
	(10, 1, 6, 'Andora'),
	(11, 2, 6, 'Andorra'),
	(12, 1, 7, 'Angola'),
	(13, 2, 7, 'Angola'),
	(14, 1, 188, 'Anguilla'),
	(15, 2, 188, 'Anguilla'),
	(16, 2, 3, 'Antarctica'),
	(17, 1, 3, 'Antarktika'),
	(18, 2, 8, 'Antigua and Barbuda'),
	(19, 1, 8, 'Antigva i Barbuda'),
	(20, 1, 10, 'Argentina'),
	(21, 2, 10, 'Argentina'),
	(22, 2, 16, 'Armenia'),
	(23, 1, 16, 'Armenija'),
	(24, 1, 153, 'Aruba'),
	(25, 2, 153, 'Aruba'),
	(26, 2, 11, 'Australia'),
	(27, 1, 11, 'Australija'),
	(28, 2, 12, 'Austria'),
	(29, 1, 12, 'Austrija'),
	(30, 2, 9, 'Azerbaijan'),
	(31, 1, 9, 'Azerbejdžan'),
	(32, 2, 13, 'Bahamas'),
	(33, 1, 13, 'Bahami'),
	(34, 2, 14, 'Bahrain'),
	(35, 1, 14, 'Bahrein'),
	(36, 1, 15, 'Bangladeš'),
	(37, 2, 15, 'Bangladesh'),
	(38, 1, 17, 'Barbados'),
	(39, 2, 17, 'Barbados'),
	(40, 2, 34, 'Belarus'),
	(41, 1, 18, 'Belgija'),
	(42, 2, 18, 'Belgium'),
	(43, 1, 26, 'Belize'),
	(44, 2, 26, 'Belize'),
	(45, 1, 59, 'Benin'),
	(46, 2, 59, 'Benin'),
	(47, 1, 19, 'Bermuda'),
	(48, 2, 19, 'Bermuda'),
	(49, 2, 20, 'Bhutan'),
	(50, 1, 34, 'Bjelorusija'),
	(51, 1, 23, 'Bocvana'),
	(52, 2, 21, 'Bolivia'),
	(53, 1, 21, 'Bolivija'),
	(54, 1, 22, 'Bosna i Hercegovina'),
	(55, 2, 22, 'Bosnia and Herzegovina'),
	(56, 2, 23, 'Botswana'),
	(57, 2, 24, 'Bouvet Island'),
	(58, 1, 24, 'Bouvet Otok'),
	(59, 1, 46, 'Božićni Otok'),
	(60, 1, 25, 'Brazil'),
	(61, 2, 25, 'Brazil'),
	(62, 1, 27, 'Britanski Indijskooceanski Teritorij'),
	(63, 2, 27, 'British Indian Ocean Territory'),
	(64, 2, 30, 'Brunei Darussalam'),
	(65, 1, 30, 'Brunej Darusalam'),
	(66, 1, 31, 'Bugarska'),
	(67, 2, 31, 'Bulgaria'),
	(68, 1, 239, 'Burkina Faso'),
	(69, 2, 239, 'Burkina Faso'),
	(70, 1, 33, 'Burundi'),
	(71, 2, 33, 'Burundi'),
	(72, 1, 20, 'Butan'),
	(73, 1, 42, 'Čad'),
	(74, 2, 35, 'Cambodia'),
	(75, 2, 36, 'Cameroon'),
	(76, 2, 37, 'Canada'),
	(77, 2, 38, 'Cape Verde'),
	(78, 2, 39, 'Cayman Islands'),
	(79, 2, 40, 'Central African Republic'),
	(80, 1, 58, 'Češka'),
	(81, 2, 42, 'Chad'),
	(82, 2, 43, 'Chile'),
	(83, 2, 44, 'China'),
	(84, 2, 46, 'Christmas Island'),
	(85, 1, 43, 'Čile'),
	(86, 1, 57, 'Cipar'),
	(87, 2, 47, 'Cocos (Keeling) Islands'),
	(88, 2, 48, 'Colombia'),
	(89, 2, 49, 'Comoros'),
	(90, 2, 51, 'Congo'),
	(91, 2, 52, 'Congo, Democratic Republic of the'),
	(92, 2, 53, 'Cook Islands'),
	(93, 2, 54, 'Costa Rica'),
	(94, 2, 110, 'Cote d\'Ivoire'),
	(95, 1, 143, 'Crna Gora'),
	(96, 2, 143, 'Crna Gora'),
	(97, 2, 55, 'Croatia'),
	(98, 2, 56, 'Cuba'),
	(99, 2, 57, 'Cyprus'),
	(100, 2, 58, 'Czech Republic'),
	(101, 1, 60, 'Danska'),
	(102, 2, 60, 'Denmark'),
	(103, 1, 84, 'Njemačka'),
	(104, 2, 84, 'Germany'),
	(105, 1, 238, 'Djevičanski Otoci, Američki'),
	(106, 1, 29, 'Djevičanski Otoci,Britanski'),
	(107, 2, 79, 'Djibouti'),
	(108, 2, 61, 'Dominica'),
	(109, 2, 62, 'Dominican Republic'),
	(110, 1, 61, 'Dominika'),
	(111, 1, 62, 'Dominikanska Republika'),
	(112, 1, 79, 'Džibuti'),
	(113, 2, 63, 'Ecuador'),
	(114, 1, 231, 'Egipat'),
	(115, 2, 231, 'Egypt'),
	(116, 1, 63, 'Ekvador'),
	(117, 1, 65, 'Ekvatorska Gvineja'),
	(118, 2, 64, 'El Salvador'),
	(119, 2, 65, 'Equatorial Guinea'),
	(120, 2, 67, 'Eritrea'),
	(121, 1, 67, 'Eritreja'),
	(122, 2, 68, 'Estonia'),
	(123, 1, 68, 'Estonija'),
	(124, 2, 66, 'Ethiopia'),
	(125, 1, 66, 'Etiopija'),
	(126, 2, 70, 'Falkland Islands (Malvinas)'),
	(127, 1, 70, 'Falklandi (Malvini)'),
	(128, 2, 69, 'Faroe Islands'),
	(129, 1, 69, 'Ferojski Otoci'),
	(130, 1, 72, 'Fidži'),
	(131, 2, 72, 'Fiji'),
	(132, 1, 173, 'Filipini'),
	(133, 2, 73, 'Finland'),
	(134, 1, 73, 'Finska'),
	(135, 2, 75, 'France'),
	(136, 1, 248, 'France Metropolitan'),
	(137, 2, 248, 'France Metropolitan'),
	(138, 1, 75, 'Francuska'),
	(139, 1, 76, 'Francuska Gvajana'),
	(140, 1, 77, 'Francuska Polinezija'),
	(141, 1, 78, 'Francuski Južni Teritorij'),
	(142, 2, 76, 'French Guiana'),
	(143, 2, 77, 'French Polynesia'),
	(144, 2, 78, 'French Southern Territories'),
	(145, 1, 80, 'Gabon'),
	(146, 2, 80, 'Gabon'),
	(147, 2, 82, 'Gambia'),
	(148, 1, 82, 'Gambija'),
	(149, 1, 85, 'Gana'),
	(150, 2, 81, 'Georgia'),
	(151, 2, 85, 'Ghana'),
	(152, 1, 86, 'Gibraltar'),
	(153, 2, 86, 'Gibraltar'),
	(154, 1, 88, 'Grčka'),
	(155, 2, 88, 'Greece'),
	(156, 2, 89, 'Greenland'),
	(157, 1, 90, 'Grenada'),
	(158, 2, 90, 'Grenada'),
	(159, 1, 89, 'Grenland'),
	(160, 1, 81, 'Gruzija'),
	(161, 1, 91, 'Guadeloupe'),
	(162, 2, 91, 'Guadeloupe'),
	(163, 1, 92, 'Guam'),
	(164, 2, 92, 'Guam'),
	(165, 1, 93, 'Guatemala'),
	(166, 2, 93, 'Guatemala'),
	(167, 1, 233, 'Guernsey'),
	(168, 2, 233, 'Guernsey'),
	(169, 2, 94, 'Guinea'),
	(170, 2, 177, 'Guinea-Bissau'),
	(171, 2, 95, 'Guyana'),
	(172, 1, 95, 'Gvajana'),
	(173, 1, 94, 'Gvineja'),
	(174, 1, 177, 'Gvineja Bisau'),
	(175, 1, 96, 'Haiti'),
	(176, 2, 96, 'Haiti'),
	(177, 2, 97, 'Heard Island and McDonald Islands'),
	(178, 2, 98, 'Holy See (Vatican City State)'),
	(179, 1, 99, 'Honduras'),
	(180, 2, 99, 'Honduras'),
	(181, 1, 100, 'Hong Kong'),
	(182, 2, 100, 'Hong Kong'),
	(183, 1, 55, 'Hrvatska'),
	(184, 2, 101, 'Hungary'),
	(185, 2, 102, 'Iceland'),
	(186, 2, 103, 'India'),
	(187, 1, 103, 'Indija'),
	(188, 2, 104, 'Indonesia'),
	(189, 1, 104, 'Indonezija'),
	(190, 1, 106, 'Irak'),
	(191, 2, 105, 'Iran, Islamic Republic of'),
	(192, 1, 105, 'Iran, Islamska Republika'),
	(193, 2, 106, 'Iraq'),
	(194, 2, 107, 'Ireland'),
	(195, 1, 107, 'Irska'),
	(196, 1, 102, 'Island'),
	(197, 2, 235, 'Isle of Man'),
	(198, 2, 108, 'Israel'),
	(199, 1, 109, 'Italija'),
	(200, 2, 109, 'Italy'),
	(201, 1, 108, 'Izrael'),
	(202, 2, 111, 'Jamaica'),
	(203, 1, 111, 'Jamajka'),
	(204, 1, 112, 'Japan'),
	(205, 2, 112, 'Japan'),
	(206, 1, 245, 'Jemen'),
	(207, 1, 234, 'Jersey'),
	(208, 2, 234, 'Jersey'),
	(209, 1, 114, 'Jordan'),
	(210, 2, 114, 'Jordan'),
	(211, 1, 71, 'Južna Džordžija i Otoci Južni Sendvić'),
	(212, 1, 117, 'Južna Koreja'),
	(213, 1, 205, 'Južnoafrička republika'),
	(214, 1, 39, 'Kajmanski Otoci'),
	(215, 1, 35, 'Kambodža'),
	(216, 1, 36, 'Kamerun'),
	(217, 1, 37, 'Kanada'),
	(218, 1, 180, 'Katar'),
	(219, 1, 113, 'Kazahstan'),
	(220, 2, 113, 'Kazakhstan'),
	(221, 1, 115, 'Kenija'),
	(222, 2, 115, 'Kenya'),
	(223, 1, 44, 'Kina'),
	(224, 1, 119, 'Kirgistan'),
	(225, 1, 87, 'Kiribati'),
	(226, 2, 87, 'Kiribati'),
	(227, 1, 47, 'Kokosovi Otoci'),
	(228, 1, 48, 'Kolumbija'),
	(229, 1, 49, 'Komori'),
	(230, 1, 51, 'Kongo'),
	(231, 1, 52, 'Kongo, Demokratska Republika'),
	(232, 2, 116, 'Korea, Democratic People\'s Republic of'),
	(233, 2, 117, 'Korea, Republic of'),
	(234, 1, 247, 'Kosovo'),
	(235, 2, 247, 'Kosovo'),
	(236, 1, 54, 'Kostarika'),
	(237, 1, 56, 'Kuba'),
	(238, 1, 53, 'Kukovi Otoci'),
	(239, 1, 118, 'Kuvajt'),
	(240, 2, 118, 'Kuwait'),
	(241, 2, 119, 'Kyrgyzstan'),
	(242, 2, 120, 'Lao People\'s Democratic Republic'),
	(243, 1, 120, 'Laos, Narodna Demokratska Republika'),
	(244, 2, 123, 'Latvia'),
	(245, 2, 121, 'Lebanon'),
	(246, 2, 122, 'Lesotho'),
	(247, 1, 122, 'Lesoto'),
	(248, 1, 123, 'Letonija'),
	(249, 1, 121, 'Libanon'),
	(250, 2, 124, 'Liberia'),
	(251, 1, 124, 'Liberija'),
	(252, 1, 125, 'Libija'),
	(253, 2, 125, 'Libyan Arab Jamahiriya'),
	(254, 2, 126, 'Liechtenstein'),
	(255, 1, 126, 'Lihtenštajn'),
	(256, 2, 127, 'Lithuania'),
	(257, 1, 127, 'Litva'),
	(258, 1, 128, 'Luksemburg'),
	(259, 2, 128, 'Luxembourg'),
	(260, 2, 129, 'Macao'),
	(261, 2, 230, 'Macedonia, the former Yugoslav Republic of'),
	(262, 2, 130, 'Madagascar'),
	(263, 1, 130, 'Madagaskar'),
	(264, 1, 101, 'Mađarska'),
	(265, 1, 129, 'Makao'),
	(266, 1, 230, 'Makedonija'),
	(267, 1, 131, 'Malavi'),
	(268, 2, 131, 'Malawi'),
	(269, 2, 132, 'Malaysia'),
	(270, 2, 133, 'Maldives'),
	(271, 1, 133, 'Maldivi'),
	(272, 1, 132, 'Malezija'),
	(273, 1, 134, 'Mali'),
	(274, 2, 134, 'Mali'),
	(275, 1, 135, 'Malta'),
	(276, 2, 135, 'Malta'),
	(277, 1, 145, 'Maroko'),
	(278, 1, 166, 'Maršalovi Otoci'),
	(279, 2, 166, 'Marshall Islands'),
	(280, 1, 136, 'Martinique'),
	(281, 2, 136, 'Martinique'),
	(282, 1, 138, 'Mauricijus'),
	(283, 2, 137, 'Mauritania'),
	(284, 1, 137, 'Mauritanija'),
	(285, 2, 138, 'Mauritius'),
	(286, 1, 50, 'Mayotte'),
	(287, 2, 50, 'Mayotte'),
	(288, 1, 139, 'Meksiko'),
	(289, 2, 139, 'Mexico'),
	(290, 2, 165, 'Micronesia, Federated States of'),
	(291, 1, 32, 'Mijanmar'),
	(292, 1, 165, 'Mikronezija, Savezne Države'),
	(293, 1, 142, 'Moldavija'),
	(294, 2, 142, 'Moldova'),
	(295, 2, 140, 'Monaco'),
	(296, 1, 140, 'Monako'),
	(297, 2, 141, 'Mongolia'),
	(298, 1, 141, 'Mongolija'),
	(299, 1, 144, 'Montserrat'),
	(300, 2, 144, 'Montserrat'),
	(301, 2, 145, 'Morocco'),
	(302, 1, 146, 'Mozambik'),
	(303, 2, 146, 'Mozambique'),
	(304, 2, 32, 'Myanmar'),
	(305, 2, 148, 'Namibia'),
	(306, 1, 148, 'Namibija'),
	(307, 1, 149, 'Nauru'),
	(308, 2, 149, 'Nauru'),
	(309, 1, 150, 'Nepal'),
	(310, 2, 150, 'Nepal'),
	(311, 1, 249, 'Nepoznato'),
	(312, 2, 151, 'Netherlands'),
	(313, 2, 152, 'Netherlands Antilles'),
	(314, 2, 154, 'New Caledonia'),
	(315, 2, 156, 'New Zealand'),
	(316, 2, 157, 'Nicaragua'),
	(317, 1, 158, 'Niger'),
	(318, 2, 158, 'Niger'),
	(319, 2, 159, 'Nigeria'),
	(320, 1, 159, 'Nigerija'),
	(321, 1, 157, 'Nikaragva'),
	(322, 1, 160, 'Niue'),
	(323, 2, 160, 'Niue'),
	(324, 1, 151, 'Nizozemska'),
	(325, 1, 152, 'Nizozemski Antili'),
	(326, 2, 161, 'Norfolk Island'),
	(327, 2, 163, 'Northern Mariana Islands'),
	(328, 1, 162, 'Norveška'),
	(329, 2, 162, 'Norway'),
	(330, 1, 154, 'Nova Kaledonija'),
	(331, 1, 156, 'Novi Zeland'),
	(332, 1, 110, 'Obala Bjelokosti'),
	(333, 1, 147, 'Oman'),
	(334, 2, 147, 'Oman'),
	(335, 2, 249, 'Other'),
	(336, 1, 74, 'Otoci Aland'),
	(337, 1, 226, 'Otoci Turks i Caicos'),
	(338, 1, 97, 'Otok Herd i Otoci McDonald'),
	(339, 1, 235, 'Otok Man'),
	(340, 1, 161, 'Otok Norfolk'),
	(341, 1, 168, 'Pakistan'),
	(342, 2, 168, 'Pakistan'),
	(343, 1, 167, 'Palau'),
	(344, 2, 167, 'Palau'),
	(345, 2, 83, 'Palestinian Territory, Occupied'),
	(346, 1, 83, 'Palestinsko Područje (okupirano)'),
	(347, 1, 169, 'Panama'),
	(348, 2, 169, 'Panama'),
	(349, 2, 170, 'Papua New Guinea'),
	(350, 1, 170, 'Papua Nova Gvineja'),
	(351, 2, 171, 'Paraguay'),
	(352, 1, 171, 'Paragvaj'),
	(353, 1, 172, 'Peru'),
	(354, 2, 172, 'Peru'),
	(355, 2, 173, 'Philippines'),
	(356, 1, 174, 'Pitcairn'),
	(357, 2, 174, 'Pitcairn'),
	(358, 2, 175, 'Poland'),
	(359, 1, 175, 'Poljska'),
	(360, 1, 179, 'Portoriko'),
	(361, 1, 176, 'Portugal'),
	(362, 2, 176, 'Portugal'),
	(363, 2, 179, 'Puerto Rico'),
	(364, 2, 180, 'Qatar'),
	(365, 1, 181, 'Reunion'),
	(366, 2, 181, 'Reunion'),
	(367, 2, 182, 'Romania'),
	(368, 1, 184, 'Ruanda'),
	(369, 1, 182, 'Rumunjska'),
	(370, 1, 183, 'Rusija'),
	(371, 2, 183, 'Russian Federation'),
	(372, 2, 184, 'Rwanda'),
	(373, 2, 185, 'Saint Barthelemy'),
	(374, 2, 186, 'Saint Helena'),
	(375, 2, 187, 'Saint Kitts and Nevis'),
	(376, 2, 189, 'Saint Lucia'),
	(377, 2, 190, 'Saint Martin (French part)'),
	(378, 2, 191, 'Saint Pierre and Miquelon'),
	(379, 2, 192, 'Saint Vincent and the Grenadines'),
	(380, 1, 28, 'Salomonovi Otoci'),
	(381, 1, 64, 'Salvador'),
	(382, 1, 244, 'Samoa'),
	(383, 2, 244, 'Samoa'),
	(384, 1, 193, 'San Marino'),
	(385, 2, 193, 'San Marino'),
	(386, 2, 194, 'Sao Tome and Principe'),
	(387, 2, 195, 'Saudi Arabia'),
	(388, 1, 195, 'Saudijska Arabija'),
	(389, 1, 198, 'Sejšeli'),
	(390, 1, 196, 'Senegal'),
	(391, 2, 196, 'Senegal'),
	(392, 2, 197, 'Serbia'),
	(393, 2, 198, 'Seychelles'),
	(394, 2, 199, 'Sierra Leone'),
	(395, 1, 199, 'Sijera Leone'),
	(396, 2, 200, 'Singapore'),
	(397, 1, 200, 'Singapur'),
	(398, 1, 215, 'Sirija'),
	(399, 1, 237, 'Sjedinjene Američke Države'),
	(400, 1, 116, 'Sjeverna Koreja'),
	(401, 1, 163, 'Sjeverni Marijanski Otoci'),
	(402, 1, 201, 'Slovačka'),
	(403, 2, 201, 'Slovakia'),
	(404, 2, 203, 'Slovenia'),
	(405, 1, 203, 'Slovenija'),
	(406, 2, 28, 'Solomon Islands'),
	(407, 2, 204, 'Somalia'),
	(408, 1, 204, 'Somalija'),
	(409, 2, 205, 'South Africa'),
	(410, 2, 71, 'South Georgia and the South Sandwich Islands'),
	(411, 2, 207, 'Spain'),
	(412, 1, 207, 'Španjolska'),
	(413, 1, 197, 'Srbija'),
	(414, 1, 40, 'Srednjoafrička Republika'),
	(415, 2, 41, 'Sri Lanka'),
	(416, 1, 41, 'Šri Lanka'),
	(417, 1, 209, 'Sudan'),
	(418, 2, 209, 'Sudan'),
	(419, 1, 210, 'Surinam'),
	(420, 2, 210, 'Suriname'),
	(421, 2, 211, 'Svalbard and Jan Mayen'),
	(422, 1, 211, 'Svalbard i Jan Mayen'),
	(423, 1, 212, 'Svazi'),
	(424, 1, 213, 'Švedska'),
	(425, 1, 186, 'Sveta Helena'),
	(426, 1, 189, 'Sveta Lucija'),
	(427, 1, 185, 'Sveti Bartolomej'),
	(428, 1, 187, 'Sveti Kristofor i Nevis'),
	(429, 1, 190, 'Sveti Martin'),
	(430, 1, 191, 'Sveti Petar i Mikelon'),
	(431, 1, 194, 'Sveti Toma i Prinsipe'),
	(432, 1, 192, 'Sveti Vincent i Grenadini'),
	(433, 1, 214, 'Švicarska'),
	(434, 2, 212, 'Swaziland'),
	(435, 2, 213, 'Sweden'),
	(436, 2, 214, 'Switzerland'),
	(437, 2, 215, 'Syrian Arab Republic'),
	(438, 1, 216, 'Tađikistan'),
	(439, 2, 45, 'Taiwan, Province of China'),
	(440, 2, 216, 'Tajikistan'),
	(441, 1, 217, 'Tajland'),
	(442, 1, 45, 'Tajvan'),
	(443, 2, 236, 'Tanzania, United Republic of'),
	(444, 1, 236, 'Tanzanija'),
	(445, 2, 217, 'Thailand'),
	(446, 1, 178, 'Timor Leste'),
	(447, 2, 178, 'Timor-Leste'),
	(448, 1, 218, 'Togo'),
	(449, 2, 218, 'Togo'),
	(450, 1, 219, 'Tokelau'),
	(451, 2, 219, 'Tokelau'),
	(452, 1, 220, 'Tonga'),
	(453, 2, 220, 'Tonga'),
	(454, 2, 221, 'Trinidad and Tobago'),
	(455, 1, 221, 'Trinidad i Tobago'),
	(456, 1, 223, 'Tunis'),
	(457, 2, 223, 'Tunisia'),
	(458, 1, 224, 'Turkey'),
	(459, 2, 224, 'Turkey'),
	(460, 1, 225, 'Turkmenistan'),
	(461, 2, 225, 'Turkmenistan'),
	(462, 2, 226, 'Turks and Caicos Islands'),
	(463, 1, 227, 'Tuvalu'),
	(464, 2, 227, 'Tuvalu'),
	(465, 1, 228, 'Uganda'),
	(466, 2, 228, 'Uganda'),
	(467, 1, 164, 'Ujedinjene Države Manjih Pacifičkih Otoka'),
	(468, 1, 222, 'Ujedinjeni Arapski Emirati'),
	(469, 2, 229, 'Ukraine'),
	(470, 1, 229, 'Ukrajina'),
	(471, 2, 222, 'United Arab Emirates'),
	(472, 2, 232, 'United Kingdom'),
	(473, 2, 237, 'United States'),
	(474, 2, 164, 'United States Minor Outlying Islands'),
	(475, 2, 240, 'Uruguay'),
	(476, 1, 240, 'Urugvaj'),
	(477, 1, 241, 'Uzbekistan'),
	(478, 2, 241, 'Uzbekistan'),
	(479, 1, 155, 'Vanuatu'),
	(480, 2, 155, 'Vanuatu'),
	(481, 1, 98, 'Vatikan'),
	(482, 1, 232, 'Velika Britanija'),
	(483, 1, 242, 'Venezuela'),
	(484, 2, 242, 'Venezuela'),
	(485, 2, 202, 'Viet Nam'),
	(486, 1, 202, 'Vijetnam'),
	(487, 2, 29, 'Virgin Islands, British'),
	(488, 2, 238, 'Virgin Islands, U.S.'),
	(489, 2, 243, 'Wallis and Futuna'),
	(490, 1, 243, 'Wallis i Futuna'),
	(491, 2, 208, 'Western Sahara'),
	(492, 2, 245, 'Yemen'),
	(493, 2, 246, 'Zambia'),
	(494, 1, 246, 'Zambija'),
	(495, 1, 208, 'Zapadna Sahara'),
	(496, 1, 38, 'Zelenortska Republika'),
	(497, 1, 206, 'Zimbabve'),
	(498, 2, 206, 'Zimbabwe');

-- Dumping structure for table 1_spin.settings_email_qeue
CREATE TABLE IF NOT EXISTS `settings_email_qeue` (
  `id` bigint(50) unsigned NOT NULL AUTO_INCREMENT,
  `project_id` int(10) unsigned NOT NULL DEFAULT '1',
  `email_type` varchar(50) NOT NULL DEFAULT '',
  `email_from` varchar(100) NOT NULL DEFAULT '',
  `email_to` varchar(100) NOT NULL DEFAULT '',
  `email_content` longtext NOT NULL,
  `lang_id` int(10) unsigned NOT NULL,
  `send_at` datetime DEFAULT NULL,
  PRIMARY KEY (`id`) USING BTREE
) ENGINE=InnoDB DEFAULT CHARSET=utf8 ROW_FORMAT=DYNAMIC;

-- Dumping data for table 1_spin.settings_email_qeue: ~0 rows (approximately)
DELETE FROM `settings_email_qeue`;

-- Dumping structure for table 1_spin.settings_email_sent
CREATE TABLE IF NOT EXISTS `settings_email_sent` (
  `id` bigint(50) unsigned NOT NULL AUTO_INCREMENT,
  `project_id` int(10) unsigned NOT NULL DEFAULT '1',
  `email_type` varchar(50) NOT NULL DEFAULT '',
  `email_from` varchar(100) NOT NULL DEFAULT '',
  `email_to` varchar(100) NOT NULL DEFAULT '',
  `email_content` longtext NOT NULL,
  `lang_id` int(10) unsigned NOT NULL,
  `sent_at` datetime DEFAULT NULL,
  PRIMARY KEY (`id`) USING BTREE
) ENGINE=InnoDB DEFAULT CHARSET=utf8 ROW_FORMAT=DYNAMIC;

-- Dumping data for table 1_spin.settings_email_sent: ~0 rows (approximately)
DELETE FROM `settings_email_sent`;

-- Dumping structure for table 1_spin.settings_languages
CREATE TABLE IF NOT EXISTS `settings_languages` (
  `id` int(10) unsigned NOT NULL AUTO_INCREMENT,
  `slug` varchar(10) COLLATE utf8mb4_unicode_ci NOT NULL DEFAULT '',
  `language_name` varchar(50) COLLATE utf8mb4_unicode_ci NOT NULL DEFAULT '',
  `sort` tinyint(4) unsigned NOT NULL DEFAULT '0',
  `is_active` tinyint(1) unsigned NOT NULL DEFAULT '1',
  PRIMARY KEY (`id`) USING BTREE
) ENGINE=InnoDB AUTO_INCREMENT=11 DEFAULT CHARSET=utf8mb4 COLLATE=utf8mb4_unicode_ci;

-- Dumping data for table 1_spin.settings_languages: ~10 rows (approximately)
DELETE FROM `settings_languages`;
INSERT INTO `settings_languages` (`id`, `slug`, `language_name`, `sort`, `is_active`) VALUES
	(1, 'hr', 'Hrvatski', 0, 1),
	(2, 'en', 'English', 2, 1),
	(3, 'de', 'German', 3, 1),
	(4, 'sv', 'Svenska', 6, 0),
	(5, 'fr', 'Français', 4, 0),
	(6, 'it', 'Italiano', 5, 0),
	(7, 'bs', 'Bosanski', 7, 0),
	(8, 'rs', 'Српски', 8, 0),
	(9, 'mk', 'Македонски', 10, 0),
	(10, 'es', 'Español ', 9, 0);

-- Dumping structure for table 1_spin.settings_translations
CREATE TABLE IF NOT EXISTS `settings_translations` (
  `id` int(11) NOT NULL AUTO_INCREMENT,
  `user_id` bigint(20) NOT NULL DEFAULT '0',
  `database_name` varchar(100) COLLATE utf8mb4_unicode_ci NOT NULL DEFAULT '',
  `trans_type` int(11) NOT NULL DEFAULT '1',
  `trans_module` int(11) NOT NULL DEFAULT '1',
  `project_id` int(10) unsigned NOT NULL DEFAULT '1',
  `language_id` int(11) unsigned NOT NULL DEFAULT '1',
  `trans_var` varchar(255) COLLATE utf8mb4_unicode_ci NOT NULL DEFAULT '',
  `translation` longtext COLLATE utf8mb4_unicode_ci NOT NULL,
  `created_at` datetime DEFAULT NULL,
  `updated_at` datetime DEFAULT NULL,
  PRIMARY KEY (`id`),
  KEY `FK_core_translations_core_translations_types` (`trans_type`),
  KEY `FK_core_translations_core_translations_modules` (`trans_module`),
  KEY `FK_core_translations_core_projects` (`project_id`),
  KEY `FK_core_translations_core_languages` (`language_id`),
  CONSTRAINT `FK_core_translations_core_languages` FOREIGN KEY (`language_id`) REFERENCES `settings_languages` (`id`),
  CONSTRAINT `FK_core_translations_core_projects` FOREIGN KEY (`project_id`) REFERENCES `core_projects` (`id`),
  CONSTRAINT `FK_core_translations_core_translations_modules` FOREIGN KEY (`trans_module`) REFERENCES `settings_translations_modules` (`id`),
  CONSTRAINT `FK_core_translations_core_translations_types` FOREIGN KEY (`trans_type`) REFERENCES `settings_translations_types` (`id`)
) ENGINE=InnoDB DEFAULT CHARSET=utf8mb4 COLLATE=utf8mb4_unicode_ci;

-- Dumping data for table 1_spin.settings_translations: ~0 rows (approximately)
DELETE FROM `settings_translations`;

-- Dumping structure for table 1_spin.settings_translations_modules
CREATE TABLE IF NOT EXISTS `settings_translations_modules` (
  `id` int(11) NOT NULL AUTO_INCREMENT,
  `trans_module` varchar(50) COLLATE utf8mb4_unicode_ci DEFAULT 'core' COMMENT 'modul',
  PRIMARY KEY (`id`)
) ENGINE=InnoDB DEFAULT CHARSET=utf8mb4 COLLATE=utf8mb4_unicode_ci;

-- Dumping data for table 1_spin.settings_translations_modules: ~0 rows (approximately)
DELETE FROM `settings_translations_modules`;

-- Dumping structure for table 1_spin.settings_translations_types
CREATE TABLE IF NOT EXISTS `settings_translations_types` (
  `id` int(11) NOT NULL AUTO_INCREMENT,
  `trans_type` varchar(50) COLLATE utf8mb4_unicode_ci NOT NULL DEFAULT '',
  `trans` varchar(50) COLLATE utf8mb4_unicode_ci NOT NULL DEFAULT '',
  `only_superadmin` tinyint(1) NOT NULL DEFAULT '0',
  PRIMARY KEY (`id`)
) ENGINE=InnoDB AUTO_INCREMENT=2 DEFAULT CHARSET=utf8mb4 COLLATE=utf8mb4_unicode_ci;

-- Dumping data for table 1_spin.settings_translations_types: ~2 rows (approximately)
DELETE FROM `settings_translations_types`;
INSERT INTO `settings_translations_types` (`id`, `trans_type`, `trans`, `only_superadmin`) VALUES
	(0, 'Backend', 'backend_trans', 1),
	(1, 'Frontend', 'frontend_trans', 0);

-- Dumping structure for table 1_spin.users_activations
CREATE TABLE IF NOT EXISTS `users_activations` (
  `id` int(10) unsigned NOT NULL AUTO_INCREMENT,
  `user_type` int(10) unsigned NOT NULL DEFAULT '0' COMMENT 'iz tablice user_types',
  `user_id` bigint(20) unsigned NOT NULL DEFAULT '0',
  `activation_code` varchar(100) COLLATE utf8mb4_unicode_ci NOT NULL DEFAULT '',
  `created_at` datetime DEFAULT NULL,
  `activated_at` datetime DEFAULT NULL,
  PRIMARY KEY (`id`) USING BTREE,
  KEY `FK_users_activations_users_types` (`user_type`),
  CONSTRAINT `FK_users_activations_users_types` FOREIGN KEY (`user_type`) REFERENCES `users_types` (`id`) ON DELETE NO ACTION ON UPDATE NO ACTION
) ENGINE=InnoDB DEFAULT CHARSET=utf8mb4 COLLATE=utf8mb4_unicode_ci ROW_FORMAT=DYNAMIC;

-- Dumping data for table 1_spin.users_activations: ~0 rows (approximately)
DELETE FROM `users_activations`;

-- Dumping structure for table 1_spin.users_deletion
CREATE TABLE IF NOT EXISTS `users_deletion` (
  `id` int(10) unsigned NOT NULL AUTO_INCREMENT,
  `user_type` int(10) unsigned NOT NULL DEFAULT '0' COMMENT 'iz tablice user_types',
  `user_id` bigint(20) unsigned NOT NULL DEFAULT '0',
  `deletion_code` varchar(100) COLLATE utf8mb4_unicode_ci NOT NULL DEFAULT '',
  `created_at` datetime DEFAULT NULL,
  `deleted_at` datetime DEFAULT NULL,
  PRIMARY KEY (`id`),
  KEY `FK_users_deletion_users_types` (`user_type`),
  CONSTRAINT `FK_users_deletion_users_types` FOREIGN KEY (`user_type`) REFERENCES `users_types` (`id`) ON DELETE NO ACTION ON UPDATE NO ACTION
) ENGINE=InnoDB DEFAULT CHARSET=utf8mb4 COLLATE=utf8mb4_unicode_ci;

-- Dumping data for table 1_spin.users_deletion: ~0 rows (approximately)
DELETE FROM `users_deletion`;

-- Dumping structure for table 1_spin.users_matica
CREATE TABLE IF NOT EXISTS `users_matica` (
  `id` bigint(20) unsigned NOT NULL AUTO_INCREMENT,
  `uuid` varchar(100) COLLATE utf8mb4_unicode_ci NOT NULL DEFAULT '',
  `user_type` int(10) unsigned NOT NULL DEFAULT '3',
  `matica_id` int(10) unsigned NOT NULL DEFAULT '1',
  `external_user_id` varchar(50) COLLATE utf8mb4_unicode_ci NOT NULL DEFAULT '0' COMMENT 'neki id vezan za software',
  `cashless_token` varchar(50) COLLATE utf8mb4_unicode_ci NOT NULL DEFAULT '',
  `role_id` int(3) unsigned NOT NULL DEFAULT '3',
  `credits` decimal(10,6) unsigned NOT NULL DEFAULT '0.000000',
  `loyalty` decimal(10,6) unsigned NOT NULL DEFAULT '0.000000',
  `discount` decimal(10,6) unsigned DEFAULT '0.000000',
  `lang_id` int(10) unsigned NOT NULL DEFAULT '1',
  `logo` varchar(191) COLLATE utf8mb4_unicode_ci NOT NULL DEFAULT '',
  `cover_image` varchar(191) COLLATE utf8mb4_unicode_ci NOT NULL DEFAULT '',
  `email` varchar(191) COLLATE utf8mb4_unicode_ci NOT NULL DEFAULT '',
  `uname` varchar(50) COLLATE utf8mb4_unicode_ci NOT NULL DEFAULT '',
  `password` varchar(191) COLLATE utf8mb4_unicode_ci NOT NULL DEFAULT '',
  `profile_image` varchar(191) COLLATE utf8mb4_unicode_ci NOT NULL DEFAULT '',
  `first_name` varchar(191) COLLATE utf8mb4_unicode_ci NOT NULL DEFAULT '',
  `last_name` varchar(191) COLLATE utf8mb4_unicode_ci NOT NULL DEFAULT '',
  `birthday` date DEFAULT NULL,
  `gender` tinyint(4) DEFAULT '1',
  `company_name` varchar(191) COLLATE utf8mb4_unicode_ci NOT NULL DEFAULT '',
  `address` varchar(191) COLLATE utf8mb4_unicode_ci NOT NULL DEFAULT '',
  `postal_code` varchar(191) COLLATE utf8mb4_unicode_ci NOT NULL DEFAULT '',
  `region` varchar(191) COLLATE utf8mb4_unicode_ci NOT NULL DEFAULT '',
  `state` varchar(191) COLLATE utf8mb4_unicode_ci NOT NULL DEFAULT '',
  `country_id` int(10) unsigned NOT NULL DEFAULT '55',
  `phone` varchar(191) COLLATE utf8mb4_unicode_ci NOT NULL DEFAULT '',
  `mobile` varchar(191) COLLATE utf8mb4_unicode_ci NOT NULL DEFAULT '',
  `about` text COLLATE utf8mb4_unicode_ci,
  `vat_id` varchar(191) COLLATE utf8mb4_unicode_ci NOT NULL DEFAULT '',
  `is_active` tinyint(1) unsigned NOT NULL DEFAULT '0',
  `gdpr_accepted` tinyint(1) unsigned NOT NULL DEFAULT '0',
  `gdpr_accepted_date` datetime DEFAULT NULL,
  `gdpr_accepted_ip_addres` varbinary(16) DEFAULT NULL,
  `gdpr_accepted_system` text COLLATE utf8mb4_unicode_ci,
  `created_at` datetime DEFAULT NULL,
  `updated_at` datetime DEFAULT NULL,
  `last_login_at` datetime DEFAULT NULL,
  `deleted_at` datetime DEFAULT NULL,
  PRIMARY KEY (`id`) USING BTREE,
  KEY `FK_users_visitors_users_types` (`user_type`) USING BTREE,
  CONSTRAINT `users_matica_ibfk_1` FOREIGN KEY (`user_type`) REFERENCES `users_types` (`id`) ON DELETE NO ACTION ON UPDATE NO ACTION
) ENGINE=InnoDB DEFAULT CHARSET=utf8mb4 COLLATE=utf8mb4_unicode_ci ROW_FORMAT=DYNAMIC;

-- Dumping data for table 1_spin.users_matica: ~0 rows (approximately)
DELETE FROM `users_matica`;

-- Dumping structure for table 1_spin.users_partners
CREATE TABLE IF NOT EXISTS `users_partners` (
  `id` bigint(20) unsigned NOT NULL AUTO_INCREMENT,
  `uuid` varchar(100) COLLATE utf8mb4_unicode_ci NOT NULL DEFAULT '',
  `user_type` int(10) unsigned NOT NULL DEFAULT '3',
  `matica_id` bigint(20) unsigned NOT NULL DEFAULT '0',
  `external_user_id` varchar(50) COLLATE utf8mb4_unicode_ci NOT NULL DEFAULT '0' COMMENT 'neki id vezan za software',
  `cashless_token` varchar(50) COLLATE utf8mb4_unicode_ci NOT NULL DEFAULT '',
  `role_id` int(3) unsigned NOT NULL DEFAULT '3',
  `credits` decimal(10,6) unsigned NOT NULL DEFAULT '0.000000',
  `loyalty` decimal(10,6) unsigned NOT NULL DEFAULT '0.000000',
  `discount` decimal(10,6) unsigned DEFAULT '0.000000',
  `lang_id` int(10) unsigned NOT NULL DEFAULT '1',
  `logo` varchar(191) COLLATE utf8mb4_unicode_ci NOT NULL DEFAULT '',
  `cover_image` varchar(191) COLLATE utf8mb4_unicode_ci NOT NULL DEFAULT '',
  `email` varchar(191) COLLATE utf8mb4_unicode_ci NOT NULL DEFAULT '',
  `uname` varchar(50) COLLATE utf8mb4_unicode_ci NOT NULL DEFAULT '',
  `password` varchar(191) COLLATE utf8mb4_unicode_ci NOT NULL DEFAULT '',
  `profile_image` varchar(191) COLLATE utf8mb4_unicode_ci NOT NULL DEFAULT '',
  `first_name` varchar(191) COLLATE utf8mb4_unicode_ci NOT NULL DEFAULT '',
  `last_name` varchar(191) COLLATE utf8mb4_unicode_ci NOT NULL DEFAULT '',
  `birthday` date DEFAULT NULL,
  `gender` tinyint(4) DEFAULT '1',
  `company_name` varchar(191) COLLATE utf8mb4_unicode_ci NOT NULL DEFAULT '',
  `address` varchar(191) COLLATE utf8mb4_unicode_ci NOT NULL DEFAULT '',
  `postal_code` varchar(191) COLLATE utf8mb4_unicode_ci NOT NULL DEFAULT '',
  `region` varchar(191) COLLATE utf8mb4_unicode_ci NOT NULL DEFAULT '',
  `state` varchar(191) COLLATE utf8mb4_unicode_ci NOT NULL DEFAULT '',
  `country_id` int(10) unsigned NOT NULL DEFAULT '55',
  `phone` varchar(191) COLLATE utf8mb4_unicode_ci NOT NULL DEFAULT '',
  `mobile` varchar(191) COLLATE utf8mb4_unicode_ci NOT NULL DEFAULT '',
  `about` text COLLATE utf8mb4_unicode_ci,
  `vat_id` varchar(191) COLLATE utf8mb4_unicode_ci NOT NULL DEFAULT '',
  `is_active` tinyint(1) unsigned NOT NULL DEFAULT '0',
  `gdpr_accepted` tinyint(1) unsigned NOT NULL DEFAULT '0',
  `gdpr_accepted_date` datetime DEFAULT NULL,
  `gdpr_accepted_ip_addres` varbinary(16) DEFAULT NULL,
  `gdpr_accepted_system` text COLLATE utf8mb4_unicode_ci,
  `created_at` datetime DEFAULT NULL,
  `updated_at` datetime DEFAULT NULL,
  `last_login_at` datetime DEFAULT NULL,
  `deleted_at` datetime DEFAULT NULL,
  PRIMARY KEY (`id`) USING BTREE,
  KEY `FK_users_visitors_users_types` (`user_type`) USING BTREE,
  KEY `FK_users_partners_users_matica` (`matica_id`),
  CONSTRAINT `FK_users_partners_users_matica` FOREIGN KEY (`matica_id`) REFERENCES `users_matica` (`id`) ON DELETE NO ACTION ON UPDATE NO ACTION,
  CONSTRAINT `users_partners_ibfk_1` FOREIGN KEY (`user_type`) REFERENCES `users_types` (`id`) ON DELETE NO ACTION ON UPDATE NO ACTION
) ENGINE=InnoDB DEFAULT CHARSET=utf8mb4 COLLATE=utf8mb4_unicode_ci ROW_FORMAT=DYNAMIC;

-- Dumping data for table 1_spin.users_partners: ~0 rows (approximately)
DELETE FROM `users_partners`;

-- Dumping structure for table 1_spin.users_partners_offices
CREATE TABLE IF NOT EXISTS `users_partners_offices` (
  `id` int(11) NOT NULL AUTO_INCREMENT,
  `uuid` varchar(50) NOT NULL DEFAULT '',
  `partner_id` bigint(20) NOT NULL DEFAULT '0',
  `lang_id` int(11) NOT NULL DEFAULT '0',
  `external_id` int(11) NOT NULL DEFAULT '0',
  `linked_settings` int(11) NOT NULL DEFAULT '0',
  `default_currency` int(11) NOT NULL DEFAULT '0',
  `company_country_id` int(11) NOT NULL DEFAULT '0',
  `in_vat_system` tinyint(4) NOT NULL DEFAULT '1',
  `is_default` tinyint(4) NOT NULL DEFAULT '0',
  `is_active` tinyint(1) NOT NULL DEFAULT '1',
  `is_changed` tinyint(1) NOT NULL DEFAULT '1',
  `title` varchar(255) NOT NULL DEFAULT '',
  `created_at` datetime DEFAULT NULL,
  `updated_at` datetime DEFAULT NULL,
  `deleted_at` datetime DEFAULT NULL,
  `company_name` varchar(255) CHARACTER SET utf8mb4 COLLATE utf8mb4_unicode_ci NOT NULL DEFAULT '',
  `company_vat_id` varchar(255) CHARACTER SET utf8mb4 COLLATE utf8mb4_unicode_ci NOT NULL DEFAULT '',
  `company_tax_id` varchar(255) CHARACTER SET utf8mb4 COLLATE utf8mb4_unicode_ci NOT NULL DEFAULT '',
  `company_contact_first_name` varchar(255) CHARACTER SET utf8mb4 COLLATE utf8mb4_unicode_ci NOT NULL DEFAULT '',
  `company_contact_last_name` varchar(255) CHARACTER SET utf8mb4 COLLATE utf8mb4_unicode_ci NOT NULL DEFAULT '',
  `company_address` varchar(255) CHARACTER SET utf8mb4 COLLATE utf8mb4_unicode_ci NOT NULL DEFAULT '',
  `company_postal_code` varchar(255) CHARACTER SET utf8mb4 COLLATE utf8mb4_unicode_ci NOT NULL DEFAULT '',
  `company_city` varchar(255) CHARACTER SET utf8mb4 COLLATE utf8mb4_unicode_ci NOT NULL DEFAULT '',
  `company_email` varchar(255) CHARACTER SET utf8mb4 COLLATE utf8mb4_unicode_ci NOT NULL DEFAULT '',
  `company_phone` varchar(255) CHARACTER SET utf8mb4 COLLATE utf8mb4_unicode_ci NOT NULL DEFAULT '',
  `bank_account_name` varchar(255) CHARACTER SET utf8mb4 COLLATE utf8mb4_unicode_ci NOT NULL DEFAULT '',
  `bank_account_number` varchar(255) CHARACTER SET utf8mb4 COLLATE utf8mb4_unicode_ci NOT NULL DEFAULT '',
  `bank_account_swift` varchar(255) CHARACTER SET utf8mb4 COLLATE utf8mb4_unicode_ci NOT NULL DEFAULT '',
  `company_logo` varchar(255) CHARACTER SET utf8mb4 COLLATE utf8mb4_unicode_ci NOT NULL DEFAULT '',
  PRIMARY KEY (`id`) USING BTREE
) ENGINE=InnoDB AUTO_INCREMENT=4 DEFAULT CHARSET=utf8mb4;

-- Dumping data for table 1_spin.users_partners_offices: ~3 rows (approximately)
DELETE FROM `users_partners_offices`;
INSERT INTO `users_partners_offices` (`id`, `uuid`, `partner_id`, `lang_id`, `external_id`, `linked_settings`, `default_currency`, `company_country_id`, `in_vat_system`, `is_default`, `is_active`, `is_changed`, `title`, `created_at`, `updated_at`, `deleted_at`, `company_name`, `company_vat_id`, `company_tax_id`, `company_contact_first_name`, `company_contact_last_name`, `company_address`, `company_postal_code`, `company_city`, `company_email`, `company_phone`, `bank_account_name`, `bank_account_number`, `bank_account_swift`, `company_logo`) VALUES
	(1, '', 1, 0, 0, 0, 0, 0, 1, 1, 1, 1, 'Default', '2023-02-03 12:34:34', '2023-04-07 04:30:11', NULL, '', '', '', '', '', '', '', '', '', '', '', '', '', ''),
	(2, '', 1, 0, 0, 0, 1, 1, 1, 1, 1, 1, '', NULL, NULL, NULL, '', '', '', '', '', '', '', '', '', '', '', '', '', ''),
	(3, '', 1, 0, 0, 0, 1, 1, 1, 1, 1, 1, '', NULL, NULL, NULL, '', '', '', '', '', '', '', '', '', '', '', '', '', '');

-- Dumping structure for table 1_spin.users_password_reset
CREATE TABLE IF NOT EXISTS `users_password_reset` (
  `id` int(10) unsigned NOT NULL AUTO_INCREMENT,
  `project_id` int(10) unsigned NOT NULL DEFAULT '1',
  `user_id` bigint(20) unsigned NOT NULL DEFAULT '0',
  `user_type` tinyint(3) unsigned NOT NULL DEFAULT '0' COMMENT 'iz tablice user_types',
  `confirmation_code` varchar(100) COLLATE utf8mb4_unicode_ci NOT NULL DEFAULT '',
  `created_at` datetime DEFAULT NULL,
  `confirmed_at` datetime DEFAULT NULL,
  PRIMARY KEY (`id`) USING BTREE
) ENGINE=InnoDB DEFAULT CHARSET=utf8mb4 COLLATE=utf8mb4_unicode_ci ROW_FORMAT=DYNAMIC;

-- Dumping data for table 1_spin.users_password_reset: ~0 rows (approximately)
DELETE FROM `users_password_reset`;

-- Dumping structure for table 1_spin.users_roles
CREATE TABLE IF NOT EXISTS `users_roles` (
  `id` int(10) unsigned NOT NULL AUTO_INCREMENT,
  `role_name` varchar(191) COLLATE utf8mb4_unicode_ci NOT NULL DEFAULT '',
  `permissions` longtext COLLATE utf8mb4_unicode_ci NOT NULL,
  `is_active` tinyint(1) NOT NULL DEFAULT '1',
  PRIMARY KEY (`id`) USING BTREE,
  KEY `roles_name_index` (`role_name`) USING BTREE
) ENGINE=InnoDB AUTO_INCREMENT=5 DEFAULT CHARSET=utf8mb4 COLLATE=utf8mb4_unicode_ci;

-- Dumping data for table 1_spin.users_roles: ~4 rows (approximately)
DELETE FROM `users_roles`;
INSERT INTO `users_roles` (`id`, `role_name`, `permissions`, `is_active`) VALUES
	(1, 'Superadmin', '', 1),
	(2, 'Matica', '', 1),
	(3, 'Partner', '', 1),
	(4, 'Visitor', '', 1);

-- Dumping structure for table 1_spin.users_tokens
CREATE TABLE IF NOT EXISTS `users_tokens` (
  `id` bigint(20) NOT NULL DEFAULT '0',
  `bearer_token` longtext NOT NULL,
  `user_id` bigint(20) NOT NULL DEFAULT '0' COMMENT 'ID korisnika kojem je pridruzeno',
  `matica_id` int(11) NOT NULL DEFAULT '0',
  `user_type` tinyint(4) NOT NULL DEFAULT '0' COMMENT 'iz tablice user_types',
  `fcm_token` varchar(200) NOT NULL DEFAULT '' COMMENT 'fcm token uredaja',
  `device_token` varchar(200) NOT NULL DEFAULT '' COMMENT 'device id uredaja',
  `cashless_tokent` varchar(50) NOT NULL DEFAULT '0',
  `description` longtext NOT NULL,
  `mobile_type` tinyint(4) NOT NULL COMMENT '1 - Android, 2 - iPhone, 0 - Other',
  `is_assigned` tinyint(4) NOT NULL DEFAULT '0' COMMENT 'da li je pridružena narukvica',
  `created_at` datetime DEFAULT NULL,
  `expires_at` datetime DEFAULT NULL,
  PRIMARY KEY (`id`)
) ENGINE=InnoDB DEFAULT CHARSET=utf8mb4;

-- Dumping data for table 1_spin.users_tokens: ~0 rows (approximately)
DELETE FROM `users_tokens`;

-- Dumping structure for table 1_spin.users_tokens_notifications_settings
CREATE TABLE IF NOT EXISTS `users_tokens_notifications_settings` (
  `id` int(11) NOT NULL AUTO_INCREMENT,
  `token_id` bigint(20) NOT NULL DEFAULT '0',
  `notification_type` int(11) NOT NULL DEFAULT '0',
  `is_active` tinyint(1) NOT NULL DEFAULT '1',
  `created_at` datetime DEFAULT NULL,
  `updated_at` datetime DEFAULT NULL,
  PRIMARY KEY (`id`) USING BTREE,
  KEY `FK_users_tokens_notifications_settings_users_tokens` (`token_id`),
  KEY `FK_notifications_types` (`notification_type`),
  CONSTRAINT `FK_notifications_types` FOREIGN KEY (`notification_type`) REFERENCES `users_tokens_notifications_types` (`id`) ON DELETE CASCADE ON UPDATE NO ACTION,
  CONSTRAINT `FK_users_tokens_notifications_settings_users_tokens` FOREIGN KEY (`token_id`) REFERENCES `users_tokens` (`id`) ON DELETE CASCADE ON UPDATE NO ACTION
) ENGINE=InnoDB DEFAULT CHARSET=utf8mb4 ROW_FORMAT=DYNAMIC;

-- Dumping data for table 1_spin.users_tokens_notifications_settings: ~0 rows (approximately)
DELETE FROM `users_tokens_notifications_settings`;

-- Dumping structure for table 1_spin.users_tokens_notifications_types
CREATE TABLE IF NOT EXISTS `users_tokens_notifications_types` (
  `id` int(11) NOT NULL AUTO_INCREMENT,
  `notification_type` tinyint(1) NOT NULL DEFAULT '0' COMMENT 'Type postavka moze biti za: 0= email, 1= push',
  `is_active` tinyint(1) NOT NULL DEFAULT '1',
  `is_global` tinyint(1) NOT NULL DEFAULT '0',
  `notification_name` varchar(50) NOT NULL DEFAULT '',
  `name_trans_slug` varchar(50) NOT NULL DEFAULT '',
  PRIMARY KEY (`id`) USING BTREE
) ENGINE=InnoDB AUTO_INCREMENT=4 DEFAULT CHARSET=utf8mb4 ROW_FORMAT=DYNAMIC;

-- Dumping data for table 1_spin.users_tokens_notifications_types: ~2 rows (approximately)
DELETE FROM `users_tokens_notifications_types`;
INSERT INTO `users_tokens_notifications_types` (`id`, `notification_type`, `is_active`, `is_global`, `notification_name`, `name_trans_slug`) VALUES
	(1, 1, 1, 1, 'Push notifikacije', 'notifications_push'),
	(2, 0, 1, 1, 'Email notifikacije', 'notifications_email'),
	(3, 0, 1, 1, 'Newsletter', 'notifications_newsletter');

-- Dumping structure for table 1_spin.users_types
CREATE TABLE IF NOT EXISTS `users_types` (
  `id` int(10) unsigned NOT NULL AUTO_INCREMENT,
  `user_type` varchar(100) COLLATE utf8mb4_unicode_ci NOT NULL DEFAULT 'User',
  PRIMARY KEY (`id`) USING BTREE
) ENGINE=InnoDB AUTO_INCREMENT=5 DEFAULT CHARSET=utf8mb4 COLLATE=utf8mb4_unicode_ci ROW_FORMAT=DYNAMIC;

-- Dumping data for table 1_spin.users_types: ~2 rows (approximately)
DELETE FROM `users_types`;
INSERT INTO `users_types` (`id`, `user_type`) VALUES
	(1, 'Matica'),
	(2, 'Partner'),
	(3, 'Visitor'),
	(4, 'System');

-- Dumping structure for table 1_spin.users_visitors
CREATE TABLE IF NOT EXISTS `users_visitors` (
  `id` bigint(20) unsigned NOT NULL AUTO_INCREMENT,
  `uuid` varchar(100) COLLATE utf8mb4_unicode_ci NOT NULL DEFAULT '',
  `user_type` int(10) unsigned NOT NULL DEFAULT '3',
  `matica_id` bigint(20) unsigned NOT NULL DEFAULT '1',
  `external_user_id` varchar(50) COLLATE utf8mb4_unicode_ci NOT NULL DEFAULT '0' COMMENT 'neki id vezan za software',
  `cashless_token` varchar(50) COLLATE utf8mb4_unicode_ci NOT NULL DEFAULT '',
  `role_id` int(3) unsigned NOT NULL DEFAULT '4',
  `credits` decimal(10,6) unsigned NOT NULL DEFAULT '0.000000',
  `loyalty` decimal(10,6) unsigned NOT NULL DEFAULT '0.000000',
  `discount` decimal(10,6) unsigned NOT NULL DEFAULT '0.000000',
  `lang_id` int(10) unsigned NOT NULL DEFAULT '1',
  `email` varchar(191) COLLATE utf8mb4_unicode_ci NOT NULL DEFAULT '',
  `uname` varchar(50) COLLATE utf8mb4_unicode_ci NOT NULL DEFAULT '',
  `password` varchar(191) COLLATE utf8mb4_unicode_ci NOT NULL DEFAULT '',
  `profile_image` varchar(191) COLLATE utf8mb4_unicode_ci NOT NULL DEFAULT '',
  `first_name` varchar(191) COLLATE utf8mb4_unicode_ci NOT NULL DEFAULT '',
  `last_name` varchar(191) COLLATE utf8mb4_unicode_ci NOT NULL DEFAULT '',
  `birthday` date DEFAULT NULL,
  `gender` tinyint(4) DEFAULT '1',
  `company_name` varchar(191) COLLATE utf8mb4_unicode_ci NOT NULL DEFAULT '',
  `address` varchar(191) COLLATE utf8mb4_unicode_ci NOT NULL DEFAULT '',
  `postal_code` varchar(191) COLLATE utf8mb4_unicode_ci NOT NULL DEFAULT '',
  `region` varchar(191) COLLATE utf8mb4_unicode_ci NOT NULL DEFAULT '',
  `state` varchar(191) COLLATE utf8mb4_unicode_ci NOT NULL DEFAULT '',
  `country_id` int(10) unsigned NOT NULL DEFAULT '55',
  `phone` varchar(191) COLLATE utf8mb4_unicode_ci NOT NULL DEFAULT '',
  `mobile` varchar(191) COLLATE utf8mb4_unicode_ci NOT NULL DEFAULT '',
  `about` text COLLATE utf8mb4_unicode_ci,
  `vat_id` varchar(191) COLLATE utf8mb4_unicode_ci NOT NULL DEFAULT '',
  `is_active` tinyint(1) unsigned NOT NULL DEFAULT '0',
  `gdpr_accepted` tinyint(1) unsigned NOT NULL DEFAULT '0',
  `gdpr_accepted_date` datetime DEFAULT NULL,
  `gdpr_accepted_ip_addres` varbinary(16) DEFAULT NULL,
  `gdpr_accepted_system` text COLLATE utf8mb4_unicode_ci,
  `created_at` datetime DEFAULT NULL,
  `updated_at` datetime DEFAULT NULL,
  `last_login_at` datetime DEFAULT NULL,
  `deleted_at` datetime DEFAULT NULL,
  PRIMARY KEY (`id`) USING BTREE,
  KEY `FK_users_visitors_users_types` (`user_type`),
  KEY `FK_users_visitors_users_matica` (`matica_id`),
  CONSTRAINT `FK_users_visitors_users_matica` FOREIGN KEY (`matica_id`) REFERENCES `users_matica` (`id`) ON DELETE NO ACTION ON UPDATE NO ACTION,
  CONSTRAINT `FK_users_visitors_users_types` FOREIGN KEY (`user_type`) REFERENCES `users_types` (`id`) ON DELETE NO ACTION ON UPDATE NO ACTION
) ENGINE=InnoDB DEFAULT CHARSET=utf8mb4 COLLATE=utf8mb4_unicode_ci;

-- Dumping data for table 1_spin.users_visitors: ~0 rows (approximately)
DELETE FROM `users_visitors`;

/*!40103 SET TIME_ZONE=IFNULL(@OLD_TIME_ZONE, 'system') */;
/*!40101 SET SQL_MODE=IFNULL(@OLD_SQL_MODE, '') */;
/*!40014 SET FOREIGN_KEY_CHECKS=IFNULL(@OLD_FOREIGN_KEY_CHECKS, 1) */;
/*!40101 SET CHARACTER_SET_CLIENT=@OLD_CHARACTER_SET_CLIENT */;
/*!40111 SET SQL_NOTES=IFNULL(@OLD_SQL_NOTES, 1) */;
